keyword,primary_niche,city_or_null,intent,h1,meta_title,meta_description,outline_bullets,cta_variant
how to automate inventory in pet supplies Shopify store,pet supplies,,informational,How to Automate Inventory in a Pet Supplies Shopify Store,Automate Pet Supplies Shopify Inventory (2026 Guide),Learn how pet stores automate inventory on Shopify with suppliers and workflows. Free mockup on request.,"supplier sync|low-stock alerts|SKU naming|bundles|returns",whatsapp_mockup
buy ready made Shopify store for home fitness,home fitness,,transactional,Buy a Ready-Made Home Fitness Shopify Store,Ready-Made Home Fitness Shopify Store for Sale,Get a transfer-ready automated fitness gear store — ownership same day.,"preloaded products|shipping policy|tracking page|supplier connected",store_transfer
best automated WordPress setup for Austin realtors,wordpress automation,Austin,commercial,Best Automated WordPress Setup for Austin Realtors,Austin Realtors: Automated WordPress Lead System,Capture and nurture realtor leads with forms + WhatsApp in under 60 seconds.,"form fields|Make.com|WhatsApp|CRM sheet|follow-up",automation_demo
eco kitchen gadgets dropshipping store setup cost,eco kitchen,,commercial,Eco Kitchen Gadgets Dropshipping Store Setup Cost,Eco Kitchen Shopify Store Setup Cost Guide,What a turnkey eco gadgets store costs vs building from scratch.,"theme|products|apps|transfer fee|ads buffer",store_transfer
WhatsApp lead automation for salon owners,wordpress automation,,commercial,WhatsApp Lead Automation for Salon Owners,Salon WhatsApp Lead Automation (WordPress + Make),Reply to salon inquiries in 60 seconds with AI-personalized messages.,"Fluent Forms|Make|Whapi|scripts|booking CTA",automation_demo
how to automate inventory in baby products Shopify store,baby products,,informational,How to Automate Inventory in a Baby Products Shopify Store,Baby Products Shopify Inventory Automation,Supplier sync and Flow automations for baby product stores.,"AutoDS|variants|safety notes|bundles|restock",whatsapp_mockup
buy ready made Shopify store for pet supplies,pet supplies,,transactional,Buy a Ready-Made Pet Supplies Shopify Store,Pet Supplies Shopify Store Ready to Transfer,Premium pet niche store — automated fulfillment path included.,"40 products|policies|brand basics|Flow|handoff",store_transfer
best automated WordPress setup for Dubai dentists,wordpress automation,Dubai,commercial,Best Automated WordPress Setup for Dubai Dentists,Dubai Dentists: Automated Patient Lead Website,WordPress + WhatsApp automation for clinic inquiries in Dubai.,"form|qualification|WhatsApp|CRM|reminder",automation_demo
home fitness Shopify Flow order to supplier automation,home fitness,,informational,Shopify Flow: Home Fitness Orders to Supplier,Automate Fitness Store Orders with Shopify Flow,Route new fitness gear orders to your supplier automatically.,"Flow trigger|supplier email|SKU map|exceptions",whatsapp_mockup
ready made beauty Shopify store for sale,beauty,,transactional,Ready-Made Beauty Shopify Store for Sale,Beauty Niche Shopify Store — Same-Day Transfer,Transfer-ready beauty gadgets/storefront with automation stubs.,"catalog|policies|theme|apps|support handoff",store_transfer
