Handle,Title,Body (HTML),Vendor,Type,Tags,Published,Option1 Name,Option1 Value,Variant Price,Variant Compare At Price,Variant Cost,Variant Inventory Qty,Variant Inventory Tracker,Variant Weight,Variant Weight Unit,SEO Title,SEO Description,Status
orthopedic-dog-bed-large,Orthopedic Dog Bed Large,<p>Supportive foam bed for medium-large dogs.</p><ul><li>Ready for automated fulfillment</li><li>Premium niche: Pet Supplies</li><li>Add supplier SKU in AutoDS/Zendrop</li></ul>,AgencyFunnel Pets,Beds,"pet,beds,turnkey",TRUE,Title,Default Title,49.99,67.49,22.00,25,shopify,0.5,lb,Orthopedic Dog Bed Large | Pet Supplies Store,Supportive foam bed for medium-large dogs. Shop our automated pet supplies store.,active
calming-dog-bed-small,Calming Dog Bed Small,<p>Plush calming bed for small breeds.</p><ul><li>Ready for automated fulfillment</li><li>Premium niche: Pet Supplies</li><li>Add supplier SKU in AutoDS/Zendrop</li></ul>,AgencyFunnel Pets,Beds,"pet,beds,turnkey",TRUE,Title,Default Title,34.99,47.24,14.50,25,shopify,0.5,lb,Calming Dog Bed Small | Pet Supplies Store,Plush calming bed for small breeds. Shop our automated pet supplies store.,active
elevated-pet-feeder-dual-bowl,Elevated Pet Feeder Dual Bowl,<p>Raised stainless bowls for dogs and cats.</p><ul><li>Ready for automated fulfillment</li><li>Premium niche: Pet Supplies</li><li>Add supplier SKU in AutoDS/Zendrop</li></ul>,AgencyFunnel Pets,Feeders,"pet,feeders,turnkey",TRUE,Title,Default Title,29.99,40.49,11.00,25,shopify,0.5,lb,Elevated Pet Feeder Dual Bowl | Pet Supplies Store,Raised stainless bowls for dogs and cats. Shop our automated pet supplies store.,active
slow-feeder-puzzle-bowl,Slow Feeder Puzzle Bowl,<p>Slows eating and reduces bloating risk.</p><ul><li>Ready for automated fulfillment</li><li>Premium niche: Pet Supplies</li><li>Add supplier SKU in AutoDS/Zendrop</li></ul>,AgencyFunnel Pets,Feeders,"pet,feeders,turnkey",TRUE,Title,Default Title,18.99,25.64,6.50,25,shopify,0.5,lb,Slow Feeder Puzzle Bowl | Pet Supplies Store,Slows eating and reduces bloating risk. Shop our automated pet supplies store.,active
automatic-pet-water-fountain,Automatic Pet Water Fountain,<p>Filtered circulating water fountain 2.5L.</p><ul><li>Ready for automated fulfillment</li><li>Premium niche: Pet Supplies</li><li>Add supplier SKU in AutoDS/Zendrop</li></ul>,AgencyFunnel Pets,Hydration,"pet,hydration,turnkey",TRUE,Title,Default Title,39.99,53.99,15.00,25,shopify,0.5,lb,Automatic Pet Water Fountain | Pet Supplies Store,Filtered circulating water fountain 2.5L. Shop our automated pet supplies store.,active
travel-water-bottle-for-dogs,Travel Water Bottle for Dogs,<p>Leak-proof portable bottle with bowl lid.</p><ul><li>Ready for automated fulfillment</li><li>Premium niche: Pet Supplies</li><li>Add supplier SKU in AutoDS/Zendrop</li></ul>,AgencyFunnel Pets,Hydration,"pet,hydration,turnkey",TRUE,Title,Default Title,16.99,22.94,5.50,25,shopify,0.5,lb,Travel Water Bottle for Dogs | Pet Supplies Store,Leak-proof portable bottle with bowl lid. Shop our automated pet supplies store.,active
nylon-dog-leash-6ft,Nylon Dog Leash 6ft,<p>Durable leash with padded handle.</p><ul><li>Ready for automated fulfillment</li><li>Premium niche: Pet Supplies</li><li>Add supplier SKU in AutoDS/Zendrop</li></ul>,AgencyFunnel Pets,Walking,"pet,walking,turnkey",TRUE,Title,Default Title,14.99,20.24,4.00,25,shopify,0.5,lb,Nylon Dog Leash 6ft | Pet Supplies Store,Durable leash with padded handle. Shop our automated pet supplies store.,active
no-pull-dog-harness-adjustable,No-Pull Dog Harness Adjustable,"<p>Reflective no-pull harness, 4 sizes.</p><ul><li>Ready for automated fulfillment</li><li>Premium niche: Pet Supplies</li><li>Add supplier SKU in AutoDS/Zendrop</li></ul>",AgencyFunnel Pets,Walking,"pet,walking,turnkey",TRUE,Title,Default Title,24.99,33.74,9.00,25,shopify,0.5,lb,No-Pull Dog Harness Adjustable | Pet Supplies Store,"Reflective no-pull harness, 4 sizes. Shop our automated pet supplies store.",active
retractable-dog-leash-16ft,Retractable Dog Leash 16ft,<p>One-button lock retractable leash.</p><ul><li>Ready for automated fulfillment</li><li>Premium niche: Pet Supplies</li><li>Add supplier SKU in AutoDS/Zendrop</li></ul>,AgencyFunnel Pets,Walking,"pet,walking,turnkey",TRUE,Title,Default Title,22.99,31.04,8.50,25,shopify,0.5,lb,Retractable Dog Leash 16ft | Pet Supplies Store,One-button lock retractable leash. Shop our automated pet supplies store.,active
waste-bag-dispenser-rolls,Waste Bag Dispenser + Rolls,<p>Clip-on dispenser with 15 biodegradable rolls.</p><ul><li>Ready for automated fulfillment</li><li>Premium niche: Pet Supplies</li><li>Add supplier SKU in AutoDS/Zendrop</li></ul>,AgencyFunnel Pets,Walking,"pet,walking,turnkey",TRUE,Title,Default Title,12.99,17.54,3.50,25,shopify,0.5,lb,Waste Bag Dispenser + Rolls | Pet Supplies Store,Clip-on dispenser with 15 biodegradable rolls. Shop our automated pet supplies store.,active
interactive-cat-wand-toy,Interactive Cat Wand Toy,<p>Feather wand for active play.</p><ul><li>Ready for automated fulfillment</li><li>Premium niche: Pet Supplies</li><li>Add supplier SKU in AutoDS/Zendrop</li></ul>,AgencyFunnel Pets,Toys,"pet,toys,turnkey",TRUE,Title,Default Title,11.99,16.19,3.00,25,shopify,0.5,lb,Interactive Cat Wand Toy | Pet Supplies Store,Feather wand for active play. Shop our automated pet supplies store.,active
cat-tunnel-collapsible,Cat Tunnel Collapsible,<p>3-way collapsible play tunnel.</p><ul><li>Ready for automated fulfillment</li><li>Premium niche: Pet Supplies</li><li>Add supplier SKU in AutoDS/Zendrop</li></ul>,AgencyFunnel Pets,Toys,"pet,toys,turnkey",TRUE,Title,Default Title,19.99,26.99,7.00,25,shopify,0.5,lb,Cat Tunnel Collapsible | Pet Supplies Store,3-way collapsible play tunnel. Shop our automated pet supplies store.,active
dog-rope-chew-toy-set,Dog Rope Chew Toy Set,<p>3-piece cotton rope set for chewers.</p><ul><li>Ready for automated fulfillment</li><li>Premium niche: Pet Supplies</li><li>Add supplier SKU in AutoDS/Zendrop</li></ul>,AgencyFunnel Pets,Toys,"pet,toys,turnkey",TRUE,Title,Default Title,15.99,21.59,4.50,25,shopify,0.5,lb,Dog Rope Chew Toy Set | Pet Supplies Store,3-piece cotton rope set for chewers. Shop our automated pet supplies store.,active
treat-dispensing-puzzle-ball,Treat-Dispensing Puzzle Ball,<p>Slow-release treat ball for enrichment.</p><ul><li>Ready for automated fulfillment</li><li>Premium niche: Pet Supplies</li><li>Add supplier SKU in AutoDS/Zendrop</li></ul>,AgencyFunnel Pets,Toys,"pet,toys,turnkey",TRUE,Title,Default Title,17.99,24.29,5.50,25,shopify,0.5,lb,Treat-Dispensing Puzzle Ball | Pet Supplies Store,Slow-release treat ball for enrichment. Shop our automated pet supplies store.,active
cat-scratching-post-tall,Cat Scratching Post Tall,<p>Sisal post with dangling toy.</p><ul><li>Ready for automated fulfillment</li><li>Premium niche: Pet Supplies</li><li>Add supplier SKU in AutoDS/Zendrop</li></ul>,AgencyFunnel Pets,Furniture,"pet,furniture,turnkey",TRUE,Title,Default Title,42.99,58.04,18.00,25,shopify,0.5,lb,Cat Scratching Post Tall | Pet Supplies Store,Sisal post with dangling toy. Shop our automated pet supplies store.,active
window-cat-perch-hammock,Window Cat Perch Hammock,<p>Suction-cup window perch.</p><ul><li>Ready for automated fulfillment</li><li>Premium niche: Pet Supplies</li><li>Add supplier SKU in AutoDS/Zendrop</li></ul>,AgencyFunnel Pets,Furniture,"pet,furniture,turnkey",TRUE,Title,Default Title,27.99,37.79,10.00,25,shopify,0.5,lb,Window Cat Perch Hammock | Pet Supplies Store,Suction-cup window perch. Shop our automated pet supplies store.,active
pet-grooming-glove-pair,Pet Grooming Glove Pair,<p>Deshedding massage gloves.</p><ul><li>Ready for automated fulfillment</li><li>Premium niche: Pet Supplies</li><li>Add supplier SKU in AutoDS/Zendrop</li></ul>,AgencyFunnel Pets,Grooming,"pet,grooming,turnkey",TRUE,Title,Default Title,13.99,18.89,3.80,25,shopify,0.5,lb,Pet Grooming Glove Pair | Pet Supplies Store,Deshedding massage gloves. Shop our automated pet supplies store.,active
dog-nail-clippers-with-guard,Dog Nail Clippers with Guard,<p>Safety-guard clippers + file.</p><ul><li>Ready for automated fulfillment</li><li>Premium niche: Pet Supplies</li><li>Add supplier SKU in AutoDS/Zendrop</li></ul>,AgencyFunnel Pets,Grooming,"pet,grooming,turnkey",TRUE,Title,Default Title,14.99,20.24,4.20,25,shopify,0.5,lb,Dog Nail Clippers with Guard | Pet Supplies Store,Safety-guard clippers + file. Shop our automated pet supplies store.,active
pet-hair-remover-roller,Pet Hair Remover Roller,<p>Reusable lint roller for sofa and car.</p><ul><li>Ready for automated fulfillment</li><li>Premium niche: Pet Supplies</li><li>Add supplier SKU in AutoDS/Zendrop</li></ul>,AgencyFunnel Pets,Grooming,"pet,grooming,turnkey",TRUE,Title,Default Title,12.99,17.54,3.20,25,shopify,0.5,lb,Pet Hair Remover Roller | Pet Supplies Store,Reusable lint roller for sofa and car. Shop our automated pet supplies store.,active
silicone-dog-bath-brush,Silicone Dog Bath Brush,<p>Shampoo brush for wet baths.</p><ul><li>Ready for automated fulfillment</li><li>Premium niche: Pet Supplies</li><li>Add supplier SKU in AutoDS/Zendrop</li></ul>,AgencyFunnel Pets,Grooming,"pet,grooming,turnkey",TRUE,Title,Default Title,9.99,13.49,2.80,25,shopify,0.5,lb,Silicone Dog Bath Brush | Pet Supplies Store,Shampoo brush for wet baths. Shop our automated pet supplies store.,active
car-seat-cover-for-pets,Car Seat Cover for Pets,<p>Waterproof hammock-style seat cover.</p><ul><li>Ready for automated fulfillment</li><li>Premium niche: Pet Supplies</li><li>Add supplier SKU in AutoDS/Zendrop</li></ul>,AgencyFunnel Pets,Travel,"pet,travel,turnkey",TRUE,Title,Default Title,36.99,49.94,14.00,25,shopify,0.5,lb,Car Seat Cover for Pets | Pet Supplies Store,Waterproof hammock-style seat cover. Shop our automated pet supplies store.,active
pet-carrier-soft-sided,Pet Carrier Soft-Sided,<p>Airline-style soft carrier with mesh.</p><ul><li>Ready for automated fulfillment</li><li>Premium niche: Pet Supplies</li><li>Add supplier SKU in AutoDS/Zendrop</li></ul>,AgencyFunnel Pets,Travel,"pet,travel,turnkey",TRUE,Title,Default Title,44.99,60.74,17.50,25,shopify,0.5,lb,Pet Carrier Soft-Sided | Pet Supplies Store,Airline-style soft carrier with mesh. Shop our automated pet supplies store.,active
dog-seat-belt-tether-2-pack,Dog Seat Belt Tether 2-Pack,<p>Adjustable car safety tethers.</p><ul><li>Ready for automated fulfillment</li><li>Premium niche: Pet Supplies</li><li>Add supplier SKU in AutoDS/Zendrop</li></ul>,AgencyFunnel Pets,Travel,"pet,travel,turnkey",TRUE,Title,Default Title,15.99,21.59,4.80,25,shopify,0.5,lb,Dog Seat Belt Tether 2-Pack | Pet Supplies Store,Adjustable car safety tethers. Shop our automated pet supplies store.,active
collapsible-travel-dog-bowl-2pk,Collapsible Travel Dog Bowl 2pk,<p>Silicone fold-flat bowls.</p><ul><li>Ready for automated fulfillment</li><li>Premium niche: Pet Supplies</li><li>Add supplier SKU in AutoDS/Zendrop</li></ul>,AgencyFunnel Pets,Travel,"pet,travel,turnkey",TRUE,Title,Default Title,11.99,16.19,3.00,25,shopify,0.5,lb,Collapsible Travel Dog Bowl 2pk | Pet Supplies Store,Silicone fold-flat bowls. Shop our automated pet supplies store.,active
led-dog-collar-usb-rechargeable,LED Dog Collar USB Rechargeable,<p>Bright LED collar for night walks.</p><ul><li>Ready for automated fulfillment</li><li>Premium niche: Pet Supplies</li><li>Add supplier SKU in AutoDS/Zendrop</li></ul>,AgencyFunnel Pets,Safety,"pet,safety,turnkey",TRUE,Title,Default Title,21.99,29.69,7.50,25,shopify,0.5,lb,LED Dog Collar USB Rechargeable | Pet Supplies Store,Bright LED collar for night walks. Shop our automated pet supplies store.,active
pet-first-aid-kit-compact,Pet First Aid Kit Compact,<p>Travel first-aid essentials for pets.</p><ul><li>Ready for automated fulfillment</li><li>Premium niche: Pet Supplies</li><li>Add supplier SKU in AutoDS/Zendrop</li></ul>,AgencyFunnel Pets,Safety,"pet,safety,turnkey",TRUE,Title,Default Title,28.99,39.14,10.50,25,shopify,0.5,lb,Pet First Aid Kit Compact | Pet Supplies Store,Travel first-aid essentials for pets. Shop our automated pet supplies store.,active
reflective-dog-vest,Reflective Dog Vest,<p>High-vis vest for evening walks.</p><ul><li>Ready for automated fulfillment</li><li>Premium niche: Pet Supplies</li><li>Add supplier SKU in AutoDS/Zendrop</li></ul>,AgencyFunnel Pets,Safety,"pet,safety,turnkey",TRUE,Title,Default Title,18.99,25.64,6.00,25,shopify,0.5,lb,Reflective Dog Vest | Pet Supplies Store,High-vis vest for evening walks. Shop our automated pet supplies store.,active
gps-tracker-tag-compatible-case,GPS Tracker Tag Compatible Case,<p>Silicone case for AirTag-style trackers.</p><ul><li>Ready for automated fulfillment</li><li>Premium niche: Pet Supplies</li><li>Add supplier SKU in AutoDS/Zendrop</li></ul>,AgencyFunnel Pets,Safety,"pet,safety,turnkey",TRUE,Title,Default Title,12.99,17.54,3.50,25,shopify,0.5,lb,GPS Tracker Tag Compatible Case | Pet Supplies Store,Silicone case for AirTag-style trackers. Shop our automated pet supplies store.,active
ceramic-cat-food-bowl-set,Ceramic Cat Food Bowl Set,"<p>Tilted ceramic bowls, whisker-friendly.</p><ul><li>Ready for automated fulfillment</li><li>Premium niche: Pet Supplies</li><li>Add supplier SKU in AutoDS/Zendrop</li></ul>",AgencyFunnel Pets,Feeders,"pet,feeders,turnkey",TRUE,Title,Default Title,22.99,31.04,8.00,25,shopify,0.5,lb,Ceramic Cat Food Bowl Set | Pet Supplies Store,"Tilted ceramic bowls, whisker-friendly. Shop our automated pet supplies store.",active
dog-food-storage-container-15lb,Dog Food Storage Container 15lb,<p>Airtight container with scoop.</p><ul><li>Ready for automated fulfillment</li><li>Premium niche: Pet Supplies</li><li>Add supplier SKU in AutoDS/Zendrop</li></ul>,AgencyFunnel Pets,Feeders,"pet,feeders,turnkey",TRUE,Title,Default Title,32.99,44.54,12.00,25,shopify,0.5,lb,Dog Food Storage Container 15lb | Pet Supplies Store,Airtight container with scoop. Shop our automated pet supplies store.,active
cat-litter-mat-oversized,Cat Litter Mat Oversized,<p>Honeycomb double-layer litter mat.</p><ul><li>Ready for automated fulfillment</li><li>Premium niche: Pet Supplies</li><li>Add supplier SKU in AutoDS/Zendrop</li></ul>,AgencyFunnel Pets,Litter,"pet,litter,turnkey",TRUE,Title,Default Title,19.99,26.99,6.50,25,shopify,0.5,lb,Cat Litter Mat Oversized | Pet Supplies Store,Honeycomb double-layer litter mat. Shop our automated pet supplies store.,active
covered-litter-box-with-filter,Covered Litter Box with Filter,<p>Hooded box with carbon filter.</p><ul><li>Ready for automated fulfillment</li><li>Premium niche: Pet Supplies</li><li>Add supplier SKU in AutoDS/Zendrop</li></ul>,AgencyFunnel Pets,Litter,"pet,litter,turnkey",TRUE,Title,Default Title,39.99,53.99,15.50,25,shopify,0.5,lb,Covered Litter Box with Filter | Pet Supplies Store,Hooded box with carbon filter. Shop our automated pet supplies store.,active
pet-stain-odor-enzyme-spray,Pet Stain & Odor Enzyme Spray,<p>Enzyme cleaner for carpets and fabric.</p><ul><li>Ready for automated fulfillment</li><li>Premium niche: Pet Supplies</li><li>Add supplier SKU in AutoDS/Zendrop</li></ul>,AgencyFunnel Pets,Cleaning,"pet,cleaning,turnkey",TRUE,Title,Default Title,16.99,22.94,5.00,25,shopify,0.5,lb,Pet Stain & Odor Enzyme Spray | Pet Supplies Store,Enzyme cleaner for carpets and fabric. Shop our automated pet supplies store.,active
pet-blanket-washable-soft,Pet Blanket Washable Soft,<p>Fleece blanket for crate or sofa.</p><ul><li>Ready for automated fulfillment</li><li>Premium niche: Pet Supplies</li><li>Add supplier SKU in AutoDS/Zendrop</li></ul>,AgencyFunnel Pets,Beds,"pet,beds,turnkey",TRUE,Title,Default Title,23.99,32.39,8.00,25,shopify,0.5,lb,Pet Blanket Washable Soft | Pet Supplies Store,Fleece blanket for crate or sofa. Shop our automated pet supplies store.,active
orthopedic-cat-bed-donut,Orthopedic Cat Bed Donut,<p>Calming donut bed for cats.</p><ul><li>Ready for automated fulfillment</li><li>Premium niche: Pet Supplies</li><li>Add supplier SKU in AutoDS/Zendrop</li></ul>,AgencyFunnel Pets,Beds,"pet,beds,turnkey",TRUE,Title,Default Title,26.99,36.44,9.50,25,shopify,0.5,lb,Orthopedic Cat Bed Donut | Pet Supplies Store,Calming donut bed for cats. Shop our automated pet supplies store.,active
dog-cooling-mat-large,Dog Cooling Mat Large,<p>Pressure-activated cooling gel mat.</p><ul><li>Ready for automated fulfillment</li><li>Premium niche: Pet Supplies</li><li>Add supplier SKU in AutoDS/Zendrop</li></ul>,AgencyFunnel Pets,Beds,"pet,beds,turnkey",TRUE,Title,Default Title,29.99,40.49,11.00,25,shopify,0.5,lb,Dog Cooling Mat Large | Pet Supplies Store,Pressure-activated cooling gel mat. Shop our automated pet supplies store.,active
puppy-training-pads-50ct,Puppy Training Pads 50ct,<p>Super-absorbent house training pads.</p><ul><li>Ready for automated fulfillment</li><li>Premium niche: Pet Supplies</li><li>Add supplier SKU in AutoDS/Zendrop</li></ul>,AgencyFunnel Pets,Training,"pet,training,turnkey",TRUE,Title,Default Title,24.99,33.74,9.00,25,shopify,0.5,lb,Puppy Training Pads 50ct | Pet Supplies Store,Super-absorbent house training pads. Shop our automated pet supplies store.,active
clicker-training-kit,Clicker Training Kit,<p>Clicker + target stick starter kit.</p><ul><li>Ready for automated fulfillment</li><li>Premium niche: Pet Supplies</li><li>Add supplier SKU in AutoDS/Zendrop</li></ul>,AgencyFunnel Pets,Training,"pet,training,turnkey",TRUE,Title,Default Title,9.99,13.49,2.50,25,shopify,0.5,lb,Clicker Training Kit | Pet Supplies Store,Clicker + target stick starter kit. Shop our automated pet supplies store.,active
dog-agility-weave-poles-set,Dog Agility Weave Poles Set,<p>Portable backyard agility poles.</p><ul><li>Ready for automated fulfillment</li><li>Premium niche: Pet Supplies</li><li>Add supplier SKU in AutoDS/Zendrop</li></ul>,AgencyFunnel Pets,Training,"pet,training,turnkey",TRUE,Title,Default Title,34.99,47.24,13.00,25,shopify,0.5,lb,Dog Agility Weave Poles Set | Pet Supplies Store,Portable backyard agility poles. Shop our automated pet supplies store.,active
catnip-spray-organic-blend,Catnip Spray Organic Blend,<p>Potent catnip spray for toys.</p><ul><li>Ready for automated fulfillment</li><li>Premium niche: Pet Supplies</li><li>Add supplier SKU in AutoDS/Zendrop</li></ul>,AgencyFunnel Pets,Toys,"pet,toys,turnkey",TRUE,Title,Default Title,10.99,14.84,2.90,25,shopify,0.5,lb,Catnip Spray Organic Blend | Pet Supplies Store,Potent catnip spray for toys. Shop our automated pet supplies store.,active